-- Deploy brain_agriculture:006_insert_initial_data to pg

BEGIN;

-- ============================================================
-- Seed Data — Brain Agriculture
-- Ordem: harvests → producers → farms → crops
-- ============================================================

-- ------------------------------------------------------------
-- HARVESTS (10 registros)
-- ------------------------------------------------------------
INSERT INTO harvests (id, name, year) VALUES
  ('a1000000-0000-0000-0000-000000000001', 'Safra 2016', 2016),
  ('a1000000-0000-0000-0000-000000000002', 'Safra 2017', 2017),
  ('a1000000-0000-0000-0000-000000000003', 'Safra 2018', 2018),
  ('a1000000-0000-0000-0000-000000000004', 'Safra 2019', 2019),
  ('a1000000-0000-0000-0000-000000000005', 'Safra 2020', 2020),
  ('a1000000-0000-0000-0000-000000000006', 'Safra 2021', 2021),
  ('a1000000-0000-0000-0000-000000000007', 'Safra 2022', 2022),
  ('a1000000-0000-0000-0000-000000000008', 'Safra 2023', 2023),
  ('a1000000-0000-0000-0000-000000000009', 'Safra 2024', 2024),
  ('a1000000-0000-0000-0000-000000000010', 'Safra 2025', 2025);

-- ------------------------------------------------------------
-- PRODUCERS (10 registros — mix de CPF e CNPJ)
-- ------------------------------------------------------------
INSERT INTO producers (id, name, document, document_type) VALUES
  ('b1000000-0000-0000-0000-000000000001', 'João da Silva',         '70935214011',    'CPF'),
  ('b1000000-0000-0000-0000-000000000002', 'Maria Santos',          '09417726000107', 'CNPJ'),
  ('b1000000-0000-0000-0000-000000000003', 'Pedro Oliveira',        '37467424043',    'CPF'),
  ('b1000000-0000-0000-0000-000000000004', 'Ana Costa Agro Ltda',   '56024991000105', 'CNPJ'),
  ('b1000000-0000-0000-0000-000000000005', 'Carlos Lima',           '85574406004',    'CPF'),
  ('b1000000-0000-0000-0000-000000000006', 'Fernanda Souza',        '02525263000140', 'CNPJ'),
  ('b1000000-0000-0000-0000-000000000007', 'Roberto Alves',         '31425254080',    'CPF'),
  ('b1000000-0000-0000-0000-000000000008', 'Agrotech Cerrado S/A',  '51788851000181', 'CNPJ'),
  ('b1000000-0000-0000-0000-000000000009', 'Juliana Rocha',         '23500941036',    'CPF'),
  ('b1000000-0000-0000-0000-000000000010', 'Marcos Pereira',        '48943862083',    'CPF');

-- ------------------------------------------------------------
-- FARMS (10 registros — distribuídas por diferentes estados)
-- ------------------------------------------------------------
INSERT INTO farms (id, producer_id, name, city, state, total_area, arable_area, vegetation_area) VALUES
  ('c1000000-0000-0000-0000-000000000001', 'b1000000-0000-0000-0000-000000000001', 'Fazenda Esperança',      'Sorriso',            'MT', 1200.00,  900.00,  240.00),
  ('c1000000-0000-0000-0000-000000000002', 'b1000000-0000-0000-0000-000000000002', 'Fazenda São João',       'Ribeirão Preto',     'SP',  850.50,  600.00,  200.00),
  ('c1000000-0000-0000-0000-000000000003', 'b1000000-0000-0000-0000-000000000003', 'Sítio Bom Retiro',       'Rio Verde',          'GO',  320.00,  240.00,   60.00),
  ('c1000000-0000-0000-0000-000000000004', 'b1000000-0000-0000-0000-000000000004', 'Fazenda Cerrado Verde',  'Luís Eduardo Magalhães', 'BA', 2400.00, 1800.00,  480.00),
  ('c1000000-0000-0000-0000-000000000005', 'b1000000-0000-0000-0000-000000000005', 'Fazenda Boa Vista',      'Cascavel',           'PR',  560.00,  420.00,  100.00),
  ('c1000000-0000-0000-0000-000000000006', 'b1000000-0000-0000-0000-000000000006', 'Fazenda Santa Fé',       'Uberlândia',         'MG',  980.00,  700.00,  200.00),
  ('c1000000-0000-0000-0000-000000000007', 'b1000000-0000-0000-0000-000000000007', 'Fazenda Palmares',       'Paragominas',        'PA', 3200.00, 2000.00,  900.00),
  ('c1000000-0000-0000-0000-000000000008', 'b1000000-0000-0000-0000-000000000008', 'Fazenda Alto Paraíso',   'Campo Grande',       'MS', 1750.00, 1200.00,  400.00),
  ('c1000000-0000-0000-0000-000000000009', 'b1000000-0000-0000-0000-000000000009', 'Fazenda Três Irmãos',    'Rondonópolis',       'MT',  640.00,  500.00,  120.00),
  ('c1000000-0000-0000-0000-000000000010', 'b1000000-0000-0000-0000-000000000010', 'Sítio Recanto Feliz',    'Passo Fundo',        'RS',  180.00,  140.00,   30.00);

-- ------------------------------------------------------------
-- CROPS (10 registros — culturas variadas por fazenda e safra)
-- ------------------------------------------------------------
INSERT INTO crops (id, farm_id, harvest_id, name) VALUES
  ('d1000000-0000-0000-0000-000000000001', 'c1000000-0000-0000-0000-000000000001', 'a1000000-0000-0000-0000-000000000009', 'Soja'),
  ('d1000000-0000-0000-0000-000000000002', 'c1000000-0000-0000-0000-000000000001', 'a1000000-0000-0000-0000-000000000009', 'Milho'),
  ('d1000000-0000-0000-0000-000000000003', 'c1000000-0000-0000-0000-000000000002', 'a1000000-0000-0000-0000-000000000009', 'Cana-de-açúcar'),
  ('d1000000-0000-0000-0000-000000000004', 'c1000000-0000-0000-0000-000000000003', 'a1000000-0000-0000-0000-000000000008', 'Soja'),
  ('d1000000-0000-0000-0000-000000000005', 'c1000000-0000-0000-0000-000000000004', 'a1000000-0000-0000-0000-000000000009', 'Algodão'),
  ('d1000000-0000-0000-0000-000000000006', 'c1000000-0000-0000-0000-000000000005', 'a1000000-0000-0000-0000-000000000008', 'Milho'),
  ('d1000000-0000-0000-0000-000000000007', 'c1000000-0000-0000-0000-000000000006', 'a1000000-0000-0000-0000-000000000009', 'Café'),
  ('d1000000-0000-0000-0000-000000000008', 'c1000000-0000-0000-0000-000000000007', 'a1000000-0000-0000-0000-000000000007', 'Soja'),
  ('d1000000-0000-0000-0000-000000000009', 'c1000000-0000-0000-0000-000000000008', 'a1000000-0000-0000-0000-000000000009', 'Milho'),
  ('d1000000-0000-0000-0000-000000000010', 'c1000000-0000-0000-0000-000000000010', 'a1000000-0000-0000-0000-000000000008', 'Trigo');

COMMIT;
